"Trailer Code","Account (Cust. Code)","Trailer Status","Year","Make","Description","Door","Suspension","Wall","GPS Equipped","Contract","Lease Start Date","Lease PO","Location","Lease Code","Billing Cycle","Lease Rate","Mileage Rate","Hours Rate","Mileage Estimate","Hours Estimate","Maintenance Code","Lease Expires","License State","License Number","Length","Last PM Date","Next PM Date","GPS Provider","GPS Last Updated","GPS Latitude","GPS Longitude","GPS Location","GPS Motion Status"
"1234131PLA","CARGOPRIME CORPORATION (001-10000264-000)","On-Contract","2012","VANGUARD","53 VAN","Swing Door","Air Ride","Steel","GPS","Lease","05-07-2021","","","16688","MONTHLY","407.88000","","","15242.000","","","04-07-2023","ME","2337573","53","05-07-2021","09-21-2048","RoadReady","01/10/2023 11:00:40","32.619646","-97.26368200000002","4049 Rendon Rd, Fort Worth, TX 76140, USA","Stopped"
"1234183PLA","CARGOPRIME CORPORATION (001-10000264-000)","On-Contract","2012","VANGUARD","53 VAN","Swing Door","Air Ride","Steel","GPS","Lease","04-05-2021","","","16682","MONTHLY","407.88000","","","115984.000","","","03-05-2023","ME","2337710","53","02-01-2021","06-18-2048","RoadReady","01/10/2023 11:01:01","43.02863200000001","-71.15602","42 Freetown Rd, Raymond, NH 03077, USA","Stopped"
"1234186PLA","CARGOPRIME CORPORATION (001-10000264-000)","On-Contract","2012","VANGUARD","53 VAN","Swing Door","Air Ride","Steel","GPS","Rental","11-01-2022","","","3885","MONTHLY","426.29000","","","0.000","","","12-25-2022","ME","2337713","53","04-12-2022","08-27-2049","RoadReady","01/10/2023 11:00:31","42.925765","-114.940903","680 US-30, Bliss, ID 83314, USA","Stopped"
"1234224PLA","CARGOPRIME CORPORATION (001-10000264-000)","On-Contract","2012","VANGUARD","53 VAN","Swing Door","Air Ride","Steel","GPS","Lease","01-19-2021","","","15820","MONTHLY","426.29000","","","48467.000","","","01-19-2023","ME","2337761","53","04-28-2022","09-12-2049","RoadReady","01/10/2023 11:00:31","34.115886","-83.774442","625 Braselton Pkwy, Braselton, GA 30517, USA","Stopped"
"1234268PLA","CARGOPRIME CORPORATION (001-10000264-000)","On-Contract","2012","VANGUARD","53 VAN","Swing Door","Air Ride","Steel","GPS","Lease","05-04-2021","","","16687","MONTHLY","407.88000","","","264077.000","","","04-04-2023","ME","2337815","53","08-09-2022","12-24-2049","RoadReady","01/10/2023 11:00:31","32.619329","-97.265096","4049 Rendon Rd, Fort Worth, TX 76140, USA","Stopped"
"1334655PLA","CARGOPRIME CORPORATION (001-10000264-000)","On-Contract","2013","VANGUARD","53 VAN","Swing Door","Air Ride","Steel","GPS","Lease","03-19-2021","","","16680","MONTHLY","407.88000","","","120989.000","","","03-19-2023","ME","2435061","53","03-12-2021","07-27-2048","RoadReady","01/10/2023 11:00:40","36.105393","-80.034208","I-40BUS, Colfax, NC 27235, USA","Stopped"
"1334821PLA","CARGOPRIME CORPORATION (001-10000264-000)","On-Contract","2013","VANGUARD","53 VAN","Swing Door","Air Ride","Steel","GPS","Lease","05-04-2021","","","16686","MONTHLY","407.88000","","","39905.000","","","04-04-2023","ME","2435727","53","02-23-2021","07-10-2048","RoadReady","01/10/2023 11:00:40","39.738421","-75.398936","I-295, Pedricktown, NJ 08067, USA","Stopped"
"1334878PLA","CARGOPRIME CORPORATION (001-10000264-000)","On-Contract","2013","VANGUARD","53 VAN","Swing Door","Air Ride","Steel","GPS","Rental","11-01-2022","","","2786","MONTHLY","426.29000","","","0.000","","","12-25-2022","ME","2435801","53","10-12-2021","02-26-2049","RoadReady","01/10/2023 11:00:40","33.779993","-84.53620500000001","700 Lee Industrial Blvd, Austell, GA 30168, USA","Stopped"
"1335762PLA","CARGOPRIME CORPORATION (001-10000264-000)","On-Contract","2013","VANGUARD","53 VAN","Swing Door","Air Ride","Steel","GPS","Lease","11-20-2020","","","15819","MONTHLY","426.29000","","","","","","11-20-2022","ME","2540125","53","11-12-2020","03-29-2048","RoadReady","01/10/2023 11:00:31","33.856975","-117.913168","590 E Orangethorpe Ave, Anaheim, CA 92801, USA","Stopped"
"1435574PLA","CARGOPRIME CORPORATION (001-10000264-000)","On-Contract","2014","VANGUARD","53 VAN","Swing Door","Air Ride","Steel","GPS","Lease","08-01-2022","","","17641","MONTHLY","400.84000","","","1.000","","","06-01-2023","ME","2542366","53","04-14-2022","08-29-2049","RoadReady","01/10/2023 11:00:31","38.117838","-87.557465","15200 US Hwy 41, Evansville, IN 47725, USA","Stopped"
"1435982PLA","CARGOPRIME CORPORATION (001-10000264-000)","On-Contract","2014","WABASH NATIONAL CORP.","53 VAN","Swing Door","Air Ride","Steel","GPS","Rental","11-01-2022","","","3883","MONTHLY","426.29000","","","0.000","","","12-25-2022","ME","3311722","53","10-28-2020","03-14-2048","RoadReady","01/10/2023 11:00:40","32.661423","-96.707752","1101 E Cleveland St, Hutchins, TX 75141, USA","Stopped"
"1435983PLA","CARGOPRIME CORPORATION (001-10000264-000)","On-Contract","2014","WABASH NATIONAL CORP.","53 VAN","Swing Door","Air Ride","Steel","GPS","Rental","11-01-2022","","","3882","MONTHLY","426.29000","","","195388.000","","","12-25-2022","ME","3311723","53","07-13-2022","11-27-2049","RoadReady","01/10/2023 11:00:31","39.773568","-104.77528500000001","17901 E 40th Ave, Aurora, CO 80011, USA","Stopped"
"1435992PLA","CARGOPRIME CORPORATION (001-10000264-000)","On-Contract","2014","WABASH NATIONAL CORP.","53 VAN","Swing Door","Air Ride","Steel","GPS","Lease","08-01-2022","","","17638","MONTHLY","400.84000","","","1.000","","","06-01-2023","ME","3311732","53","05-09-2022","09-23-2049","RoadReady","01/10/2023 11:00:55","34.007462","-84.60212","1675 Airport Rd, Kennesaw, GA 30144, USA","Stopped"
"1435998PLA","CARGOPRIME CORPORATION (001-10000264-000)","On-Contract","2014","WABASH NATIONAL CORP.","53 VAN","Swing Door","Air Ride","Steel","GPS","Rental","11-01-2022","","","3884","MONTHLY","426.29000","","","0.000","","","12-25-2022","ME","3311738","53","08-19-2022","01-03-2050","RoadReady","01/10/2023 11:00:41","45.556071","-122.40706500000002","NW Swigert Way, Troutdale, OR 97060, USA","Stopped"
"1436005PLA","CARGOPRIME CORPORATION (001-10000264-000)","On-Contract","2014","WABASH NATIONAL CORP.","53 VAN","Swing Door","Air Ride","Steel","GPS","Lease","08-01-2022","","","17637","MONTHLY","400.84000","","","1.000","","","06-01-2023","ME","3311745","53","04-18-2022","09-02-2049","RoadReady","01/10/2023 11:00:31","39.345152","-84.227527","537 Grandin Rd, Maineville, OH 45039, USA","Stopped"
"1536520PLA","CARGOPRIME CORPORATION (001-10000264-000)","On-Contract","2015","VANGUARD","53 VAN","Swing Door","Air Ride","Steel","GPS","Rental","11-01-2022","","","2787","MONTHLY","426.29000","","","2.000","","","12-25-2022","ME","3414284","53","09-24-2020","02-09-2048","RoadReady","01/10/2023 11:00:40","33.743002","-117.289491","21220 Ethanac Rd, Perris, CA 92570, USA","Stopped"
"1536547PLA","CARGOPRIME CORPORATION (001-10000264-000)","On-Contract","2015","VANGUARD","53 VAN","Swing Door","Air Ride","Steel","GPS","Rental","11-01-2022","","","2788","MONTHLY","426.29000","","","460789.000","","","12-25-2022","ME","3414811","53","09-03-2021","01-18-2049","RoadReady","01/10/2023 11:00:57","39.87746","-104.878945","10051 Dallas St, Henderson, CO 80640, USA","Stopped"
"1536548PLA","CARGOPRIME CORPORATION (001-10000264-000)","On-Contract","2015","VANGUARD","53 VAN","Swing Door","Air Ride","Steel","GPS","Rental","11-01-2022","","","2789","MONTHLY","426.29000","","","0.000","","","12-25-2022","ME","3414812","53","10-09-2020","02-24-2048","RoadReady","01/10/2023 11:00:40","39.09605100000001","-94.739666","6925 Riverview Ave, Kansas City, KS 66102, USA","Stopped"
"1536549PLA","CARGOPRIME CORPORATION (001-10000264-000)","On-Contract","2015","VANGUARD","53 VAN","Swing Door","Air Ride","Steel","GPS","Rental","11-01-2022","","","2782","MONTHLY","426.29000","","","400007.000","","","12-25-2022","ME","3414813","53","10-05-2020","02-20-2048","RoadReady","01/10/2023 11:00:31","32.618285","-97.264397","4049 Rendon Rd, Fort Worth, TX 76140, USA","Stopped"
"1536550PLA","CARGOPRIME CORPORATION (001-10000264-000)","On-Contract","2015","VANGUARD","53 VAN","Swing Door","Air Ride","Steel","GPS","Rental","11-01-2022","","","2790","MONTHLY","426.29000","","","119231.000","","","12-25-2022","ME","3414814","53","08-03-2021","12-18-2048","RoadReady","01/10/2023 11:00:40","39.91600700000001","-83.019558","808 Frank Rd, Columbus, OH 43223, USA","Stopped"
"1536580PLA","CARGOPRIME CORPORATION (001-10000264-000)","On-Contract","2015","VANGUARD","53 VAN","Swing Door","Air Ride","Steel","GPS","Lease","08-01-2022","","","17640","MONTHLY","400.84000","","","320320.000","","","06-01-2023","ME","3414844","53","05-13-2022","09-27-2049","RoadReady","01/10/2023 11:00:31","39.736289","-86.098376","3853 E Raymond St, Indianapolis, IN 46203, USA","Stopped"
"1536848PLA","CARGOPRIME CORPORATION (001-10000264-000)","On-Contract","2015","VANGUARD","53 VAN","Swing Door","Air Ride","Steel","GPS","Lease","03-19-2021","","","16679","MONTHLY","407.88000","","","243688.000","","","03-19-2023","ME","3424121","53","08-18-2021","01-02-2049","RoadReady","01/10/2023 11:00:31","33.450788","-82.036081","1844 Gordon Hwy, Augusta, GA 30904, USA","Stopped"
"1537089PLA","CARGOPRIME CORPORATION (001-10000264-000)","On-Contract","2015","WABASH NATIONAL CORP.","53 VAN","Swing Door","Air Ride","Steel","GPS","Rental","11-01-2022","","","3880","MONTHLY","426.29000","","","0.000","","","12-25-2022","ME","3424223","53","06-09-2022","10-24-2049","RoadReady","01/10/2023 11:00:31","35.315058","-80.838315","6800 Statesville Rd, Charlotte, NC 28269, USA","Stopped"
"1537092PLA","CARGOPRIME CORPORATION (001-10000264-000)","On-Contract","2015","VANGUARD","53 VAN","Swing Door","Air Ride","Steel","GPS","Lease","04-05-2021","","","16683","MONTHLY","407.88000","","","114801.000","2.00","SC-000-000_11,PM-180-000_11,036-008-030_25,036-008-030_14","03-05-2023","ME","2635804","53","12-02-2022","04-18-2050","RoadReady","01/10/2023 11:00:40","32.698318","-96.746138","8687 S Central Expy, Dallas, TX 75241, USA","Stopped"
"1537098PLA","CARGOPRIME CORPORATION (001-10000264-000)","On-Contract","2015","VANGUARD","53 VAN","Swing Door","Air Ride","Steel","GPS","Lease","03-19-2021","","","16678","MONTHLY","407.88000","","","4073.000","","","03-19-2023","ME","266580C","53","01-27-2021","06-13-2048","RoadReady","01/10/2023 12:00:40","35.158761","-111.28721600000002","I-40, Flagstaff, AZ 86004, USA","InMotion"
"1537482PLA","CARGOPRIME CORPORATION (001-10000264-000)","On-Contract","2015","VANGUARD","53 VAN","Swing Door","Air Ride","Steel","GPS","Lease","03-22-2021","","","16681","MONTHLY","407.88000","","","","","","03-22-2023","ME","3424510","53","06-23-2022","11-07-2049","RoadReady","12/25/2022 16:29:54","34.024383","-117.97519300000002","14940 Don Julian Rd, City of Industry, CA 91746, USA","Stopped"
"1637556A","CARGOPRIME CORPORATION (001-10000264-000)","On-Contract","2016","VANGUARD","53 VAN","Swing Door","Air Ride","Plastic","GPS","Lease","08-01-2022","","","17639","MONTHLY","400.84000","","","1.000","","","06-01-2023","ME","3510132","53","04-15-2022","08-30-2049","RoadReady","01/10/2023 11:00:55","33.415809","-112.18468","3333 59th Ave, Phoenix, AZ 85043, USA","Stopped"
"1637740PLA","CARGOPRIME CORPORATION (001-10000264-000)","On-Contract","2016","VANGUARD","53 VAN","Swing Door","Air Ride","Steel","GPS","Rental","11-01-2022","","","2785","MONTHLY","426.29000","","","393360.000","","","12-25-2022","ME","3510191","53","08-17-2020","01-02-2048","RoadReady","01/10/2023 11:01:01","38.767644","-104.70817600000001","S Powers Blvd, Colorado Springs, CO 80925, USA","Stopped"
"1637749PLA","CARGOPRIME CORPORATION (001-10000264-000)","On-Contract","2016","VANGUARD","53 VAN","Swing Door","Air Ride","Steel","GPS","Rental","11-01-2022","","","2791","MONTHLY","426.29000","","","99131.000","","","12-25-2022","ME","3510250","53","07-23-2020","12-08-2047","RoadReady","01/10/2023 11:00:31","39.748033","-104.776486","1933 Tower Rd, Aurora, CO 80011, USA","Stopped"
"1637750PLA","CARGOPRIME CORPORATION (001-10000264-000)","On-Contract","2016","VANGUARD","53 VAN","Swing Door","Air Ride","Steel","GPS","Rental","11-01-2022","","","2783","MONTHLY","426.29000","","","1165.000","","","12-25-2022","ME","3510251","53","04-06-2022","08-21-2049","RoadReady","01/10/2023 11:00:31","41.336514","-88.207071","30260 S Graaskamp Blvd, Wilmington, IL 60481, USA","Stopped"
"1637752PLA","CARGOPRIME CORPORATION (001-10000264-000)","On-Contract","2016","VANGUARD","53 VAN","Swing Door","Air Ride","Steel","GPS","Rental","11-01-2022","","","2784","MONTHLY","426.29000","","","89.000","","","12-25-2022","ME","3510253","53","09-21-2020","02-06-2048","RoadReady","01/10/2023 11:00:55","33.780054","-84.536192","700 Lee Industrial Blvd, Austell, GA 30168, USA","Stopped"
"1638252PLA","CARGOPRIME CORPORATION (001-10000264-000)","On-Contract","2016","VANGUARD","53 VAN","Swing Door","Air Ride","Steel","GPS","Lease","04-19-2021","","","16684","MONTHLY","407.88000","","","364330.000","","","04-19-2023","ME","3510950","53","04-07-2021","08-22-2048","RoadReady","01/10/2023 11:00:40","36.539759","-89.593448","Unnamed Road, Portageville, MO 63873, USA","Stopped"
"1638310PLA","CARGOPRIME CORPORATION (001-10000264-000)","On-Contract","2016","VANGUARD","53 VAN","Swing Door","Air Ride","Steel","GPS","Lease","04-29-2021","","CLEV","16685","MONTHLY","407.88000","","","120634.000","0.00","036-000-000_06,SBS-000-000_11","04-29-2023","ME","3510995","53","09-29-2022","02-13-2050","RoadReady","05/21/2022 05:23:01","41.917397","-87.6673226666666","1570 W Homer St, Chicago, IL 60642, USA","Stopped"
"1830527PLA","CARGOPRIME CORPORATION (001-10000264-000)","On-Contract","2018","GREAT DANE TRAILERS","53 FOREIGN VAN","Swing Door","Air Ride","Plastic","GPS","Lease","02-11-2021","","","15825","MONTHLY","426.29000","","","","","","02-11-2023","TN","U766340","53","02-01-2021","06-18-2048","RoadReady","01/10/2023 11:00:40","39.02401","-84.649557","Unnamed Road, Florence, KY 41042, USA","Stopped"
"1830539PLA","CARGOPRIME CORPORATION (001-10000264-000)","On-Contract","2018","GREAT DANE TRAILERS","53 FOREIGN VAN","Swing Door","Air Ride","Plastic","GPS","Lease","02-11-2021","","","15826","MONTHLY","426.29000","","","","","","02-11-2023","TN","U766352","53","02-04-2021","06-21-2048","RoadReady","01/10/2023 11:01:01","43.029759","-71.155923","42 Freetown Rd, Raymond, NH 03077, USA","Stopped"
"1830548PLA","CARGOPRIME CORPORATION (001-10000264-000)","On-Contract","2018","GREAT DANE TRAILERS","53 FOREIGN VAN","Swing Door","Air Ride","Plastic","GPS","Lease","02-11-2021","","","15827","MONTHLY","426.29000","","","","","","02-11-2023","TN","U766361","53","02-05-2021","06-22-2048","RoadReady","01/10/2023 11:00:31","37.057714","-94.407508","3019 S Cl 191, Joplin, MO 64804, USA","Stopped"
"1830549PLA","CARGOPRIME CORPORATION (001-10000264-000)","On-Contract","2018","GREAT DANE TRAILERS","53 FOREIGN VAN","Swing Door","Air Ride","Plastic","GPS","Lease","02-11-2021","","","15822","MONTHLY","426.29000","","","","","","02-11-2023","TN","U766362","53","02-05-2021","06-22-2048","RoadReady","01/10/2023 11:01:01","33.743253","-117.28907499999998","21220 Ethanac Rd, Perris, CA 92570, USA","Stopped"
"1830578PLA","CARGOPRIME CORPORATION (001-10000264-000)","On-Contract","2018","GREAT DANE TRAILERS","53 FOREIGN VAN","Swing Door","Air Ride","Plastic","GPS","Lease","02-11-2021","","","15823","MONTHLY","426.29000","","","","","","02-11-2023","TN","U766168","53","02-02-2021","06-19-2048","RoadReady","01/10/2023 11:00:40","29.371405","-98.695381","135 E Charles William Anderson Loop, San Antonio, TX 78227, USA","Stopped"
"1830605PLA","CARGOPRIME CORPORATION (001-10000264-000)","On-Contract","2018","GREAT DANE TRAILERS","53 FOREIGN VAN","Swing Door","Air Ride","Plastic","GPS","Lease","02-11-2021","","","15828","MONTHLY","426.29000","","","","","","02-11-2023","TN","U766391","53","02-05-2021","06-22-2048","RoadReady","01/10/2023 11:40:31","38.50878","-121.467177","6448 Franklin Blvd, Sacramento, CA 95823, USA","Stopped"
"1830701PLA","CARGOPRIME CORPORATION (001-10000264-000)","On-Contract","2018","VANGUARD","53 FOREIGN VAN","Swing Door","Air Ride","Plastic","GPS","Lease","02-11-2021","","","15824","MONTHLY","426.29000","","","","","","02-11-2023","TN","U777767","53","02-09-2021","06-26-2048","RoadReady","01/10/2023 11:01:01","47.22652","-122.32546799999999","3424 Freeman Rd E, Fife, WA 98424, USA","Stopped"
"1931281PLA","CARGOPRIME CORPORATION (001-10000264-000)","On-Contract","2019","VANGUARD","53 VAN","Swing Door","Air Ride","Plastic","GPS","Lease","08-01-2022","","","17622","MONTHLY","400.84000","","","93363.000","","","06-01-2023","ME","3810030","53","06-19-2020","11-04-2047","SkyBitz","01/10/2023 03:01:21","34.03188","-117.56667","Ontario, CA, US","Stop"
"1931282PLA","CARGOPRIME CORPORATION (001-10000264-000)","On-Contract","2019","VANGUARD","53 VAN","Swing Door","Air Ride","Plastic","GPS","Lease","08-01-2022","","","17623","MONTHLY","400.84000","","","132569.000","","","06-01-2023","ME","3810031","53","04-02-2020","08-18-2047","SkyBitz","01/10/2023 09:13:50","32.61921000000001","-97.26482","Everman, TX, US","Idle"
"1931401PLA","CARGOPRIME CORPORATION (001-10000264-000)","On-Contract","2019","VANGUARD","53 VAN","Swing Door","Air Ride","Plastic","GPS","Lease","08-01-2022","","","17624","MONTHLY","400.84000","","","111651.000","","","06-01-2023","ME","3810398","53","07-21-2020","12-06-2047","SkyBitz","01/10/2023 11:54:20","38.11778","-121.39424999999999","Lodi, CA, US","Moving"
"1931402PLA","CARGOPRIME CORPORATION (001-10000264-000)","On-Contract","2019","VANGUARD","53 VAN","Swing Door","Air Ride","Plastic","GPS","Lease","08-01-2022","","","17625","MONTHLY","400.84000","","","88708.000","","","06-01-2023","ME","3810399","53","07-21-2020","12-06-2047","SkyBitz","01/01/2023 16:02:50","40.06014","-76.58575","Marietta, PA, US","Idle"
"1931405PLA","CARGOPRIME CORPORATION (001-10000264-000)","On-Contract","2019","VANGUARD","53 VAN","Swing Door","Air Ride","Plastic","GPS","Lease","08-01-2022","","","17626","MONTHLY","400.84000","","","139177.000","","","06-01-2023","ME","3811402","53","04-20-2020","09-05-2047","SkyBitz","01/09/2023 23:35:53","32.61958","-97.26377","Everman, TX, US","Idle"
"1931410PLA","CARGOPRIME CORPORATION (001-10000264-000)","On-Contract","2019","VANGUARD","53 VAN","Swing Door","Air Ride","Plastic","GPS","Lease","08-01-2022","","","17627","MONTHLY","400.84000","","","116214.000","","","06-01-2023","ME","3811407","53","04-16-2020","09-01-2047","SkyBitz","01/10/2023 05:31:23","33.7432","-117.28867","Canyon Lake, CA, US","Idle"
"1931416PLA","CARGOPRIME CORPORATION (001-10000264-000)","On-Contract","2019","VANGUARD","53 VAN","Swing Door","Air Ride","Plastic","GPS","Lease","08-01-2022","","","17628","MONTHLY","400.84000","","","102272.000","","","06-01-2023","ME","3811413","53","08-03-2021","12-18-2048","SkyBitz","01/10/2023 11:55:20","35.20482","-85.78987","Monteagle, TN, US","Moving"
"1931454PLA","CARGOPRIME CORPORATION (001-10000264-000)","On-Contract","2019","VANGUARD","53 VAN","Swing Door","Air Ride","Plastic","GPS","Lease","08-01-2022","","","17629","MONTHLY","400.84000","","","150402.000","","","06-01-2023","ME","3811451","53","04-27-2020","09-12-2047","SkyBitz","01/09/2023 22:20:20","33.74301","-117.28929999999998","Canyon Lake, CA, US","Idle"
"1931570A","CARGOPRIME CORPORATION (001-10000264-000)","On-Contract","2019","VANGUARD","53 VAN","Swing Door","Air Ride","Plastic","GPS","Lease","02-11-2021","","COLS","15821","MONTHLY","426.29000","","","221040.000","23.10","077-001-003_03,077-001-013_03,012-002-020_01,013-011-076_03,017-009-001_03,018-004-001_03,013-002-028_03,034-002-013_24","02-11-2023","ME","3811508","53","01-26-2021","06-12-2048","RoadReady","01/10/2023 11:00:50","39.977413","-83.112836","4080 Business Park Dr, Columbus, OH 43204, USA","Stopped"
"1932165PLA","CARGOPRIME CORPORATION (001-10000264-000)","On-Contract","2019","VANGUARD","53 VAN","Swing Door","Air Ride","Plastic","GPS","Lease","08-01-2022","","","17630","MONTHLY","400.84000","","","151873.000","","","06-01-2023","ME","3810342","53","05-29-2020","10-14-2047","SkyBitz","01/09/2023 18:40:47","33.74323","-117.28944999999999","Canyon Lake, CA, US","Idle"
"1932233PLA","CARGOPRIME CORPORATION (001-10000264-000)","On-Contract","2019","VANGUARD","53 VAN","Swing Door","Air Ride","Plastic","GPS","Lease","08-01-2022","","","17631","MONTHLY","400.84000","","","105705.000","","","06-01-2023","ME","3811947","53","03-26-2020","08-11-2047","SkyBitz","01/10/2023 12:01:23","38.4154","-121.9489","Vacaville, CA, US","Idle"
"1932268PLA","CARGOPRIME CORPORATION (001-10000264-000)","On-Contract","2019","VANGUARD","53 VAN","Swing Door","Air Ride","Plastic","GPS","Lease","08-01-2022","","","17632","MONTHLY","400.84000","","","76371.000","","","06-01-2023","ME","3818532","53","06-22-2020","11-07-2047","SkyBitz","01/09/2023 21:08:20","40.52921","-74.6533","Raritan, NJ, US","Idle"
"1932269PLA","CARGOPRIME CORPORATION (001-10000264-000)","On-Contract","2019","VANGUARD","53 VAN","Swing Door","Air Ride","Plastic","GPS","Lease","08-01-2022","","","17633","MONTHLY","400.84000","","","104193.000","","","06-01-2023","ME","3818533","53","05-08-2020","09-23-2047","SkyBitz","01/10/2023 03:30:50","39.96384","-104.98524","Northglenn, CO, US","Idle"
"1932277PLA","CARGOPRIME CORPORATION (001-10000264-000)","On-Contract","2019","VANGUARD","53 VAN","Swing Door","Air Ride","Plastic","GPS","Lease","08-01-2022","","","17634","MONTHLY","400.84000","","","94790.000","","","06-01-2023","ME","3818541","53","04-02-2020","08-18-2047","SkyBitz","01/10/2023 03:56:50","40.75595","-112.047","Magna, UT, US","Idle"
"1932279PLA","CARGOPRIME CORPORATION (001-10000264-000)","On-Contract","2019","VANGUARD","53 VAN","Swing Door","Air Ride","Plastic","GPS","Lease","08-01-2022","","","17635","MONTHLY","400.84000","","","116814.000","","","06-01-2023","ME","3818543","53","04-03-2020","08-19-2047","SkyBitz","01/09/2023 19:45:23","41.45884","-75.54501","Olyphant, PA, US","Idle"
"1932280PLA","CARGOPRIME CORPORATION (001-10000264-000)","On-Contract","2019","VANGUARD","53 VAN","Swing Door","Air Ride","Plastic","GPS","Lease","08-01-2022","","","17636","MONTHLY","400.84000","","","127756.000","","","06-01-2023","ME","3818544","53","04-16-2020","09-01-2047","SkyBitz","01/10/2023 08:03:15","36.00465","-119.95845","Kettleman City, CA, US","Stop"
"2334634PLA","CARGOPRIME CORPORATION (001-10000264-000)","On-Contract","2023","VANGUARD","53 VAN","Swing Door","Air Ride","Plastic","GPS","Lease","06-01-2022","","","22693","MONTHLY","561.00000","","","324.000","","","06-01-2027","ME","5012629","53","04-12-2022","08-27-2049","RoadReady","01/10/2023 11:00:31","35.037143","-85.586608","I-24, Jasper, TN 37347, USA","Stopped"
"2334635PLA","CARGOPRIME CORPORATION (001-10000264-000)","On-Contract","2023","VANGUARD","53 VAN","Swing Door","Air Ride","Plastic","GPS","Lease","06-01-2022","","","22694","MONTHLY","561.00000","","","320.000","","","06-01-2027","ME","5012630","53","04-11-2022","08-26-2049","RoadReady","01/10/2023 11:00:52","33.743227","-117.28948000000001","21220 Ethanac Rd, Perris, CA 92570, USA","Stopped"
"2334636PLA","CARGOPRIME CORPORATION (001-10000264-000)","On-Contract","2023","VANGUARD","53 VAN","Swing Door","Air Ride","Plastic","GPS","Lease","06-01-2022","","","22695","MONTHLY","561.00000","","","319.000","","","06-01-2027","ME","5012631","53","04-11-2022","08-26-2049","RoadReady","01/10/2023 11:01:01","39.63784","-77.795061","New Gate Blvd, Hagerstown, MD 21740, USA","Stopped"
"2335181PLA","CARGOPRIME CORPORATION (001-10000264-000)","On-Contract","2023","VANGUARD","53 VAN","Swing Door","Air Ride","Plastic","GPS","Lease","07-01-2022","","","19258","MONTHLY","460.00000","0.00000","0.00000","328.000","","","07-01-2027","ME","5037387","53","06-29-2022","12-26-2022","RoadReady","01/10/2023 11:00:40","39.856814","-104.890405","8459-8381 E 88th Ave, Henderson, CO 80640, USA","Stopped"
"2335182PLA","CARGOPRIME CORPORATION (001-10000264-000)","On-Contract","2023","VANGUARD","53 VAN","Swing Door","Air Ride","Plastic","GPS","Lease","07-01-2022","","","19257","MONTHLY","460.00000","0.00000","0.00000","318.000","","","07-01-2027","ME","5037388","53","06-29-2022","12-26-2022","RoadReady","01/10/2023 11:47:31","38.573774","-121.540717","1211 Terminal St, West Sacramento, CA 95691, USA","Stopped"
"2335183PLA","CARGOPRIME CORPORATION (001-10000264-000)","On-Contract","2023","VANGUARD","53 VAN","Swing Door","Air Ride","Plastic","GPS","Lease","07-01-2022","","","19256","MONTHLY","460.00000","0.00000","0.00000","322.000","","","07-01-2027","ME","5037389","53","06-30-2022","12-27-2022","RoadReady","01/10/2023 11:00:31","40.68629","-112.265202","1685 Saddleback Boulevard, Lake Point, UT 84074, USA","Stopped"
"2335200PLA","CARGOPRIME CORPORATION (001-10000264-000)","On-Contract","2023","VANGUARD","53 VAN","Swing Door","Air Ride","Plastic","GPS","Lease","07-01-2022","","","19255","MONTHLY","460.00000","0.00000","0.00000","327.000","","","07-01-2027","ME","5037406","53","06-29-2022","12-26-2022","RoadReady","01/10/2023 11:00:40","40.690952","-112.261616","8836 Clinton Landing Rd, Tooele, UT 84074, USA","Stopped"
"2335206PLA","CARGOPRIME CORPORATION (001-10000264-000)","On-Contract","2023","VANGUARD","53 VAN","Swing Door","Air Ride","Plastic","GPS","Lease","07-07-2022","","","19269","MONTHLY","460.00000","0.00000","0.00000","425.000","","","06-07-2027","ME","5037412","53","07-07-2022","01-03-2023","RoadReady","01/10/2023 11:00:31","28.439424","-81.352098","2437 E Landstreet Rd, Orlando, FL 32824, USA","Stopped"
"2335210PLA","CARGOPRIME CORPORATION (001-10000264-000)","On-Contract","2023","VANGUARD","53 VAN","Swing Door","Air Ride","Plastic","GPS","Lease","07-05-2022","","","19260","MONTHLY","460.00000","0.00000","0.00000","328.000","","","06-05-2027","ME","5037416","53","07-05-2022","01-01-2023","RoadReady","01/10/2023 11:00:31","34.115432","-83.775754","633 Braselton Pkwy, Braselton, GA 30517, USA","Stopped"
"2335212PLA","CARGOPRIME CORPORATION (001-10000264-000)","On-Contract","2023","VANGUARD","53 VAN","Swing Door","Air Ride","Plastic","GPS","Lease","07-05-2022","","","19261","MONTHLY","460.00000","0.00000","0.00000","418.000","","","06-05-2027","ME","5037418","53","07-05-2022","01-01-2023","RoadReady","01/10/2023 11:38:06","33.450574","-82.036177","1844 Gordon Hwy, Augusta, GA 30904, USA","Stopped"
"2335215PLA","CARGOPRIME CORPORATION (001-10000264-000)","On-Contract","2023","VANGUARD","53 VAN","Swing Door","Air Ride","Plastic","GPS","Lease","07-06-2022","","","19262","MONTHLY","460.00000","0.00000","0.00000","330.000","","","06-06-2027","ME","5037421","53","07-06-2022","01-02-2023","RoadReady","01/10/2023 11:00:31","29.911307","-95.768741","Unnamed Road, Cypress, TX 77433, USA","Stopped"
"2335219PLA","CARGOPRIME CORPORATION (001-10000264-000)","On-Contract","2023","VANGUARD","53 VAN","Swing Door","Air Ride","Plastic","GPS","Lease","07-07-2022","","","19270","MONTHLY","460.00000","0.00000","0.00000","366.000","","","06-07-2027","ME","5037425","53","07-07-2022","01-03-2023","RoadReady","01/10/2023 11:00:31","32.619362","-97.264284","4049 Rendon Rd, Fort Worth, TX 76140, USA","Stopped"
"2335220PLA","CARGOPRIME CORPORATION (001-10000264-000)","On-Contract","2023","VANGUARD","53 VAN","Swing Door","Air Ride","Plastic","GPS","Lease","07-06-2022","","","19265","MONTHLY","460.00000","0.00000","0.00000","315.000","","","06-06-2027","ME","5037426","53","07-06-2022","01-02-2023","RoadReady","01/10/2023 00:48:06","41.44317","-82.088826","3637 Mallard Run, Sheffield, OH 44054, USA","Stopped"
"2335221PLA","CARGOPRIME CORPORATION (001-10000264-000)","On-Contract","2023","VANGUARD","53 VAN","Swing Door","Air Ride","Plastic","GPS","Lease","07-06-2022","","","19267","MONTHLY","460.00000","0.00000","0.00000","335.000","","","06-06-2027","ME","5037427","53","07-06-2022","01-02-2023","RoadReady","01/10/2023 11:01:01","39.513616","-119.63097","Dwight D. Eisenhower Hwy, Sparks, NV 89434, USA","Stopped"
"2335225PLA","CARGOPRIME CORPORATION (001-10000264-000)","On-Contract","2023","VANGUARD","53 VAN","Swing Door","Air Ride","Plastic","GPS","Lease","07-06-2022","","","19264","MONTHLY","460.00000","0.00000","0.00000","340.000","","","06-06-2027","ME","5037431","53","07-06-2022","01-02-2023","RoadReady","01/10/2023 11:00:31","34.032036","-117.562975","4000 Mission Blvd, Ontario, CA 91761, USA","Stopped"
"2335227PLA","CARGOPRIME CORPORATION (001-10000264-000)","On-Contract","2023","VANGUARD","53 VAN","Swing Door","Air Ride","Plastic","GPS","Lease","07-06-2022","","","19263","MONTHLY","460.00000","0.00000","0.00000","328.000","","","06-06-2027","ME","5037433","53","07-06-2022","01-02-2023","RoadReady","01/10/2023 11:01:01","39.875519","-104.878537","9801 Dallas St, Henderson, CO 80640, USA","Stopped"
"2335230PLA","CARGOPRIME CORPORATION (001-10000264-000)","On-Contract","2023","VANGUARD","53 VAN","Swing Door","Air Ride","Plastic","GPS","Lease","07-07-2022","","","19268","MONTHLY","460.00000","0.00000","0.00000","336.000","","","06-07-2027","ME","5037436","53","07-07-2022","01-03-2023","RoadReady","01/10/2023 11:00:31","30.427911999999996","-81.621898","Crawford St, Jacksonville, FL 32218, USA","Stopped"
"2335232PLA","CARGOPRIME CORPORATION (001-10000264-000)","On-Contract","2023","VANGUARD","53 VAN","Swing Door","Air Ride","Plastic","GPS","Lease","07-07-2022","","","19271","MONTHLY","460.00000","0.00000","0.00000","316.000","","","06-07-2027","ME","5037438","53","07-07-2022","01-03-2023","RoadReady","01/10/2023 11:00:31","33.450801","-82.03607","1844 Gordon Hwy, Augusta, GA 30904, USA","Stopped"
"2335957PLA","CARGOPRIME CORPORATION (001-10000264-000)","On-Contract","2023","VANGUARD","53 VAN","Swing Door","Air Ride","Plastic","GPS","Lease","07-06-2022","","","19266","MONTHLY","460.00000","0.00000","0.00000","1083.000","","","06-06-2027","ME","5070488","53","07-06-2022","01-02-2023","RoadReady","01/10/2023 11:00:31","30.924452","-88.511061","Woods Ridge Rd, Lucedale, MS 39452, USA","Stopped"
"2335961PLA","CARGOPRIME CORPORATION (001-10000264-000)","On-Contract","2023","VANGUARD","53 VAN","Swing Door","Air Ride","Plastic","GPS","Lease","07-07-2022","","","19272","MONTHLY","460.00000","0.00000","0.00000","330.000","","","06-07-2027","ME","5070492","53","07-07-2022","01-03-2023","RoadReady","01/10/2023 11:00:31","39.875778","-104.87856500000001","9801 Dallas St, Henderson, CO 80640, USA","Stopped"
"2335967PLA","CARGOPRIME CORPORATION (001-10000264-000)","On-Contract","2023","VANGUARD","53 VAN","Swing Door","Air Ride","Plastic","GPS","Lease","07-07-2022","","","19273","MONTHLY","460.00000","0.00000","0.00000","335.000","","","06-07-2027","ME","5070498","53","07-08-2022","01-04-2023","RoadReady","01/10/2023 11:00:31","39.516547","-77.957457","Unnamed Road, Martinsburg, WV 25403, USA","Stopped"
"2336110PLA","CARGOPRIME CORPORATION (001-10000264-000)","On-Contract","2023","VANGUARD","53 VAN","Swing Door","Air Ride","Plastic","GPS","Lease","07-07-2022","","","19259","MONTHLY","460.00000","0.00000","0.00000","323.000","","","06-07-2027","ME","5070846","53","07-07-2022","01-03-2023","RoadReady","01/10/2023 11:00:40","34.121772","-83.774254","650 Braselton Pkwy, Braselton, GA 30517, USA","Stopped"